Source Table,Source Field,Type,Comment,Mapped?,Number of mappings,Mappings
patients,id,character varying,Source field comment,X,1,person.person_id
patients,birthdate,date,,X,2,"person.year_of_birth,person.month_of_birth"
patients,deathdate,date,,,,
patients,ssn,character varying,,,,
patients,drivers,character varying,,,,
patients,passport,character varying,,,,
patients,prefix,character varying,,,,
patients,first,character varying,,,,
patients,last,character varying,,,,
patients,suffix,character varying,,,,
patients,maiden,character varying,,,,
patients,marital,character varying,,,,
patients,race,character varying,,,,
patients,ethnicity,character varying,,,,
patients,gender,character varying,,,,
patients,birthplace,character varying,,,,
patients,address,character varying,,,,
patients,city,character varying,,,,
patients,state,character varying,,,,
patients,county,character varying,,,,
patients,zip,character varying,,,,
patients,lat,numeric,,,,
patients,lon,numeric,,,,
patients,healthcare_expenses,numeric,,,,
patients,healthcare_coverage,numeric,,,,
organizations,id,character varying,,,,
organizations,name,character varying,,,,
organizations,address,character varying,,,,
organizations,city,character varying,,,,
organizations,state,character varying,,,,
organizations,zip,character varying,,,,
organizations,lat,numeric,,,,
organizations,lon,numeric,,,,
organizations,phone,character varying,,,,
organizations,revenue,numeric,,,,
organizations,utilization,character varying,,,,
conditions,start,date,,,,
conditions,stop,date,,,,
conditions,patient,character varying,,,,
conditions,encounter,character varying,,,,
conditions,code,character varying,,,,
conditions,description,character varying,,,,
