start,stop,patient,encounter,code,description
2010-03-07,2016-08-23,ecc587b2-afce-4e98-8341-bc2b9a3c15e5,668f1a69-1460-4d67-9209-b7ba24cd3cdb,44054006,Hypertriglyceridemia (disorder)
1967-06-02,,a95bc93d-bf2e-42de-ae6e-ce1e0b5d5a53,a13f1cdd-53b9-4b56-8f68-24fd1ac7d6a4,271737000,Streptococcal sore throat (disorder)
2011-10-14,2015-06-24,2cd9328c-fd76-4f4e-a2be-b38198dc1df7,9b8c0f77-11ae-4623-b8eb-df5ae1e59ce1,195662009,Acute bronchitis (disorder)
2010-03-17,2013-09-12,d3ed52c4-8f30-41a8-87d7-d5e318709e33,1f1d0c47-6caa-4e8d-b715-1ca7b2b96441,40055000,Acute bronchitis (disorder)
2009-02-04,2018-01-27,831c49b2-e9de-41c7-b798-2b3c8240c2b2,04282e74-574a-48bf-a06e-a6a587d0ba96,230265002,Hypertension
2016-03-27,2019-06-30,3c38e988-2a3e-4d8f-9e16-49e916625f6f,dbe29142-2f01-4897-9838-b50e477d4f05,444814009,Fracture of rib
1994-07-07,,9716aed4-9815-4c23-83c5-ab998aac484f,d919f850-a161-4fd1-a7d5-8fbbcbcf757c,10509002,Acute viral pharyngitis (disorder)
2016-03-26,,cfa731af-77a5-4969-918b-12cdface16a7,b9936ed6-2e3e-4b37-b692-3bba04d7279b,62106007,Metabolic syndrome X (disorder)
2014-08-07,,3f3475fd-8307-4b35-b7a7-31f316fa6810,fe54bb42-5da0-43a3-9295-69e0bde42f86,39848009,Anemia (disorder)
2012-06-18,2011-04-02,788bf7c5-a0c8-4b27-853a-1a409ebe0d1b,4e6ae481-8b6b-4e43-ae44-cb47273103b1,75498004,Acute bronchitis (disorder)
2010-03-17,,150f071c-91fd-4ab9-9a75-d168786de25e,7f916a98-2f14-4c6a-ac25-87d6fe3d1ecc,162864005,Chronic intractable migraine without aura
2010-10-03,2013-07-15,049d98e2-70e6-4a8b-94aa-0b93d93caa93,540e618b-9a0f-4225-830d-d36ddd09da5b,59621000,Laceration of hand
2008-09-22,2011-06-28,44da07db-2669-42df-b1b8-ddbb20439ed0,df0e1f23-87be-4e00-8a27-98f164e17f54,195662009,Chronic intractable migraine without aura
2012-12-29,2012-05-15,fce47aca-0e6c-4473-b5b9-1166e259a4f9,dc120b1d-2362-4af6-a026-82524a600109,239873007,Viral sinusitis (disorder)
2018-02-08,,c156885f-ad69-45c1-99ed-58a3549aa28a,6d3c4baa-991c-45e8-8bda-dcb922b626ef,271737000,Body mass index 30+ - obesity (finding)
2000-12-22,,6db50393-41b8-47a8-a016-c89facc3e4d2,a4cf93dd-ded0-4d99-902d-7ea106c077bc,195662009,Normal pregnancy
2018-08-23,2011-02-28,93ae7ffe-71f6-49b1-9f08-7a650b632212,cbce08e0-9b14-47ee-973e-7e8b8e426bc7,201834006,Acute bronchitis (disorder)
2015-02-11,,abb333e9-bc8f-4d46-8db6-b59545eb852e,4a090d12-fd2d-4825-a4cf-1793f38a1cc5,162864005,Osteoporosis (disorder)
2019-05-30,,0c5e38d3-ff89-44c0-9555-dfa3e7d23848,0a9e6766-9845-4298-a97d-ed03a0025ae7,398254007,Rupture of appendix
2012-06-25,,daa94066-1bba-4b9f-9bef-00fe5249b8ec,eff7be17-fe38-4b09-9059-ba26fde1b39c,72892002,Injury of anterior cruciate ligament
2011-09-07,2011-02-17,4376af10-889b-4dfc-9417-a5a4094a610d,97fad0e1-f59f-4211-8b23-0eeeb368d210,239873007,Metabolic syndrome X (disorder)
1992-07-12,2015-01-05,56830ddf-8274-4062-a30e-5786c59ab1e0,39100d25-183c-4995-be39-5aba80be9f96,44465007,Recurrent rectal polyp
2019-08-15,,134565a3-c133-4947-b5e5-87f79b38081e,6d3c4baa-991c-45e8-8bda-dcb922b626ef,195662009,Normal pregnancy
2012-01-30,2018-04-19,3972f7bd-b451-41f0-b5e2-320829ace95b,63824b93-da60-44ae-abe9-89c3ae30b475,370247008,Hyperlipidemia
2014-05-31,2011-04-01,918bd0d2-22d5-431e-9db7-bda1c9c002d3,6b4491f3-8ddd-4b22-8683-12393b75738e,59621000,Miscarriage in first trimester
1995-07-17,2011-03-04,41f63756-d4d7-40a5-abac-e86200ac624b,233a9070-8b09-4533-a95d-eebf7cc1f02b,124171000119105,Anemia (disorder)
1985-05-25,,07400a9f-c1b6-4b15-adfc-dd6f7d1d9a4e,48d46f51-80ec-4803-97a5-af3ba4cfa520,82423001,Normal pregnancy
2000-12-22,,486c8072-48c4-44d7-a7ca-a1c5ffda7762,7b0d705a-6de7-405d-baf2-c126cffb079d,6072007,Acute viral pharyngitis (disorder)
2008-01-23,2010-03-18,4c63cbb3-727f-401b-972e-62373016921f,6ec22742-7601-496f-bc98-ca59dbe3da76,713197008,Prediabetes
1973-04-22,,ae524e2c-777c-44d6-9ada-1f96ac9d19ce,ce9cfd7a-af09-4551-8001-5874c9722b61,40275004,Chronic congestive heart failure (disorder)
2010-02-06,,d4fe5dd7-983d-4dcd-b5dd-4f67d6f36ca2,89996856-d660-4ab5-acf2-badd51c1706d,68496003,Viral sinusitis (disorder)
2011-07-27,2016-11-10,a06db712-4496-4176-8eae-b1bd1dfadaf4,c33c2e80-f4f2-4fad-817f-fd0e2af7c3f3,10509002,Viral sinusitis (disorder)
2014-11-30,,7004858d-66f5-4eb1-81a2-44938e119a60,53272f2a-a40f-4b3d-82e3-1a8753239a1b,53741008,Acute viral pharyngitis (disorder)
1996-05-01,2018-12-21,10829a41-bb39-414b-ba10-c0eea7b133f3,266f33db-688c-46be-a69a-7b8b58b33c35,62564004,Concussion with no loss of consciousness
2010-08-29,2013-11-04,3cd4559d-5740-4ce8-adc2-0fc8856b1bc6,6e2125ab-04ee-41d8-9648-62f544f5504d,428251008,Laceration of foot
2017-08-13,2013-07-29,4db60434-d5d3-403e-a0fe-7132692138fb,aba49532-a3cf-4a46-bc67-d41bf9430cd4,703151001,Prediabetes
2018-04-18,,e2a0229f-fa2e-4c0f-a465-13eb547edac6,6cb5a8bf-f0f5-432c-9ec4-93a454a24f4a,40055000,Appendicitis
2009-12-27,,2880c168-2bb8-41f2-81a7-08d30aae3268,1eea726e-b270-4f8c-a7b5-bec1c4145060,444814009,Neoplasm of prostate
2017-05-19,,7ed25860-ac82-4ffd-959e-032535588c1c,6c038465-c57a-40cd-b090-45837b2875fd,43878008,Acute bronchitis (disorder)
2015-11-07,2016-05-29,26544609-3466-41bd-bed4-466958e69eca,18f0033f-2adc-4b80-a362-c43a8bf1e0e3,68496003,Fetus with unknown complication
1971-09-23,2015-11-09,f058e6cd-0eb4-43f0-b2ae-7e2ef3a18ed0,32fa1001-2d2d-45dd-b73d-7994814153bc,302870006,Viral sinusitis (disorder)
2011-09-04,,9a0d50d9-024e-4832-8993-8569fdd8ccdf,69f95e6b-f6e2-4fb9-a59b-201a389432cb,38822007,Viral sinusitis (disorder)
2016-03-28,2016-04-06,26c46c84-4d9d-448b-bb38-2ca681b5aea2,c40f215b-4db9-4b1f-ac80-cc4bf0656e7f,84757009,Concussion with no loss of consciousness
2018-08-27,,3b649a2c-cf27-46fa-8eb4-f189f0990ceb,8e146a7a-77f2-4109-b4c4-dc067839592e,44465007,Otitis media
2012-05-24,,7ad87df8-b1ce-4301-be13-4343fea80aea,14fa248f-9dd3-4aa9-9021-3d165af7245b,444814009,Body mass index 30+ - obesity (finding)
2014-12-25,,620f5492-f221-48ac-9372-993e6af5b214,2de37007-5dd5-4456-84bd-306b2c74f41f,15777000,Cardiac Arrest
1982-04-16,,da188940-7ef9-4beb-a495-43806fa3acfa,668f1a69-1460-4d67-9209-b7ba24cd3cdb,162864005,Acute viral pharyngitis (disorder)
2011-11-10,,fe04db5d-1aa7-4253-9835-861eebe8a533,dbf46eb8-e735-4dad-96d8-4daa9d749e68,444814009,Normal pregnancy
2017-06-22,,462cb12d-95cd-4485-9bc8-b02a1c9902c1,95c4a345-057f-439b-b61e-491fd72f0bc5,55822004,Viral sinusitis (disorder)
2012-07-03,2016-06-21,c945f470-39b7-4e8f-b8ed-8574612272e2,17928837-397e-473a-9481-dbf9f66ada49,36971009,Otitis media
2018-02-08,,0d2beb06-c81a-442c-a95a-9f2117202a1d,70dc4a4f-7acd-4aa7-9030-6fbd7ea0a953,10509002,Viral sinusitis (disorder)
2018-04-20,,851f3c90-783a-483d-93aa-88deefcea0f7,481c1349-a504-4ed9-9536-ff6fb3eca46f,72892002,Acute bronchitis (disorder)
2011-10-21,2010-11-03,f0eee12b-7ca4-4841-af77-e1d4d35c35d9,83b468b5-ae16-4756-a14b-fbd0a1943e5f,40055000,Anemia (disorder)
2013-01-18,,d225a70f-9be4-41ee-b233-64f03853e4fa,eff7be17-fe38-4b09-9059-ba26fde1b39c,271737000,Polyp of colon
2012-11-23,2018-12-01,0edfeeb0-fbbc-441d-9978-5a4f3482dd97,c9da3467-67a7-4bd9-9625-37fcafaf7289,10509002,Prediabetes
2010-10-29,2019-06-04,1cf22e3d-71a2-4061-95ef-97457c01cdf9,6cb5a8bf-f0f5-432c-9ec4-93a454a24f4a,284549007,Hypertension
2010-08-29,2013-12-07,784950c3-5f31-40eb-97c3-8d6632581372,57bea9f6-1265-441f-b349-3b46d28944d2,10509002,Cardiac Arrest
1997-03-01,,50f87ed7-0882-45fc-b752-fab9f1723bde,588a62ac-a95c-43c6-adc8-f6a807e2cec5,19169002,Child attention deficit disorder
2018-01-27,,a32c4eed-1623-45d4-841f-bf25dc3f0753,62ead2a5-0653-4ff0-b6b5-0b5863833822,44054006,Viral sinusitis (disorder)
2019-04-10,,0eec3190-f8c8-4a18-8288-856d8af6fe3e,fd61d062-6c45-40dd-bdff-3dbf6b01de94,195662009,Normal pregnancy
2016-12-02,2012-08-24,5e67a839-bafb-42fe-be31-c044accec1c0,02c66a05-3a0e-4075-803d-93a425a5e4aa,40055000,Viral sinusitis (disorder)
2014-12-20,2014-04-14,0dee3b07-2cbe-4915-b107-eb75c252bd26,25f7fe44-1113-4f09-b84b-ab11ce08fb2f,444814009,Acute bronchitis (disorder)
2011-02-22,2017-07-04,ebc525c4-eac9-4b4b-942c-197d43707708,1b9ed517-1eb6-4072-a677-d4dc0b0630af,68496003,Chronic sinusitis (disorder)
2017-03-30,2019-10-24,64f4c971-64d1-4421-8a2d-cfbf5d9677fe,8e146a7a-77f2-4109-b4c4-dc067839592e,162864005,Chronic sinusitis (disorder)
2012-07-03,2016-11-19,755df1f9-3840-4fe7-b5b5-10172b2d58bc,bc670984-c68d-49f5-b3ef-387c07bc7bde,444814009,Sinusitis (disorder)
2007-10-01,,755df1f9-3840-4fe7-b5b5-10172b2d58bc,5211ec57-7d8f-4edf-a5f4-617674d5a8d3,59621000,Normal pregnancy
2010-02-26,2019-02-01,34ea9ef6-dee9-45bf-abc0-18e905926eee,6b8d8b55-70a3-402a-9ede-d6bd6f951a08,284551006,Viral sinusitis (disorder)
2017-11-06,2014-06-07,65d800e4-115c-483b-94a2-24d65554f9b2,5135d30d-15b7-437b-a27f-10a0fc797165,59621000,Viral sinusitis (disorder)
2013-11-19,2016-06-23,89532809-2c0f-4ea9-bffe-869e4f97cbe1,81365d29-ef83-4f42-8e77-8a66afed5f76,271737000,Acute bronchitis (disorder)
2017-08-15,2018-08-18,ddbd73fc-1077-41c8-b6cd-ff5446ef1b93,34304f3c-f4f0-44eb-9d29-ba4a994b6b61,40055000,Viral sinusitis (disorder)
1993-11-10,,e00d74b7-f8dc-4a10-8350-24b930cf9cf3,b06e15ee-ff49-43c2-9327-0f40cece783e,72892002,Metabolic syndrome X (disorder)
2016-06-14,,4811cccb-c35d-45d8-aa6e-e74f2c3f8b17,491d777a-8c8d-4aae-8f56-d2af63d60944,72892002,Acute viral pharyngitis (disorder)
2005-04-25,,aea5d557-a8c8-4cf8-80f8-1735ccf88841,ef0718aa-b332-44f4-9807-74efb3e32ae4,195662009,Acute bronchitis (disorder)
2019-04-02,2010-09-18,6ef0cb0d-c921-475b-9b2d-9cedf730546d,29e31162-5cd3-47f1-8e68-165fefe5d003,195662009,Prediabetes
2013-01-18,,c8ae5176-68e8-4f35-997d-07d0fbc1bab8,a177b985-6703-421d-98ec-29e9d1ca69dd,15777000,Laceration of thigh
2012-12-02,2018-05-05,462cb12d-95cd-4485-9bc8-b02a1c9902c1,807a9c00-8a34-444d-95a3-56a5cfa0002c,15777000,Miscarriage in first trimester
2010-11-12,,7e4b0ed3-707e-4e69-b0e6-c1fe1c1a11a5,aa5aa2e2-8733-47ea-bfcc-3db8d6b6bda6,72892002,Miscarriage in first trimester
2016-04-21,2011-03-31,7378f27a-0064-442d-b5c6-d8996a171eab,307ad102-5b9b-4923-ad75-69badb8166da,271737000,Sprain of wrist
2010-12-24,,4602ff13-727d-4935-a821-33dfdc746ba5,740c8c3e-7ae1-43c7-af18-343fec695b73,429007001,Body mass index 30+ - obesity (finding)
1999-09-04,,5970acbd-1f4b-44aa-9234-690be7bb9f3c,b248c4b4-3df0-4bd3-b732-fda48b01449d,195662009,Metabolic syndrome X (disorder)
2016-08-08,,107669a7-0914-427e-8e76-20826fed18f9,c4da8b8e-733b-4f69-bc45-17904a7e3988,162864005,Sprain of ankle
2013-07-20,2014-04-22,508c2f77-517f-49fd-aa9a-cee587e9652e,bc590d5b-934e-4bac-bd6f-33f76bce0feb,55822004,Acute bronchitis (disorder)
2008-10-09,2015-08-14,957dcb3f-ac4f-40a6-8c85-223df8747025,44ec93e1-4561-481c-8c98-0326774adce3,80394007,Appendicitis
2018-11-24,,db70172b-0b4d-4f79-bb25-31957c96cff8,c7e6e05f-3ef5-4bed-97fc-ec8f033e694f,195662009,Hyperlipidemia
2017-12-25,2018-08-18,ed16fae1-b00f-4ffd-a280-939462229d71,c46e5add-9d46-4140-9ba7-c46a6f82a236,284549007,Laceration of hand
2012-12-27,2015-06-12,81647101-a39b-4d33-ab3b-010d5cecda11,4c18d20f-18d8-45a0-b1e0-0d2b41fcd084,128613002,Injury of tendon of the rotator cuff of shoulder
1986-11-30,2018-01-15,cca707d3-da09-40ff-9f57-027471924759,bf80c3a3-28c8-4cbb-915f-5b4300366ab6,10509002,Hyperlipidemia
2018-01-07,,3defc1ee-b921-4e75-9509-cf0e26ddfec5,4aec8ba2-846d-4773-836f-3a772433850e,283385000,Normal pregnancy
2014-12-20,,0b34a9d9-29e1-4be5-91f4-4de1a914ccb1,beacc231-1280-4de2-bfd4-34c7613dfb4f,59621000,Laceration of forearm
1949-11-17,,0d2beb06-c81a-442c-a95a-9f2117202a1d,39c9759e-a6b0-4dc6-8b38-609a63c2e695,72892002,Viral sinusitis (disorder)
2016-05-31,,84574060-269a-42a6-9b75-2417a93bd48b,02c66a05-3a0e-4075-803d-93a425a5e4aa,43878008,Hyperglycemia (disorder)
2012-03-28,,1349872d-0df9-47ce-90bb-19ef6a463290,380e2714-b02c-4d08-994e-0825327ac51a,72892002,Acute bronchitis (disorder)
2010-02-05,,83873f8d-ce00-484e-94bb-03f2d50dbacd,18fc875a-2a81-43bd-b7f7-b3935f024aa4,232353008,Viral sinusitis (disorder)
2018-01-31,2019-06-30,9a004bdc-474b-46db-a2c2-3d79c5d263f2,b2189ec1-5aa4-4d7c-a3d3-53a95cb12315,55822004,Acute viral pharyngitis (disorder)
2017-11-04,,65d800e4-115c-483b-94a2-24d65554f9b2,10bc6d31-3a5f-4c7c-9096-b122ae589603,10509002,Viral sinusitis (disorder)
1995-04-10,2013-06-03,a970ec24-f1e5-4000-9250-161a0287321f,1c5efa35-c554-4def-9805-28e26b49b8d4,127013003,Concussion with no loss of consciousness
2012-07-04,,81647101-a39b-4d33-ab3b-010d5cecda11,38daf272-7855-4edc-a13e-715d94de6834,195662009,Otitis media
2012-06-14,,e696eb00-afae-41a6-bb6f-1be7edd0bfcc,19a85bd0-e320-480d-8a5f-099563ab810b,59621000,Acute viral pharyngitis (disorder)
2014-09-16,2012-12-25,c41079f4-8dcd-44f4-b97d-ffa0ba4d0f78,2f290484-0515-463d-8f63-0372829707d9,429007001,Viral sinusitis (disorder)
2015-08-15,2019-08-21,ffeff310-da68-4d75-ae1e-9c317342e70f,926d643a-133c-4aae-839d-04765c4b8c1e,72892002,Viral sinusitis (disorder)
