id,name,address,city,state,zip,lat,lon,phone,revenue,utilization
e06bd055-ade6-3128-a009-bfc61d1bc3bd,BURLINGTON OB-GYN ASSOC INC,104 LINCOLN RD,CANTON,MA,02301-7153,42.050239,-70.99036,,9428.67999999999,12
f66dc930-9afa-3994-8676-0c23f1d3d7a3,KATHERINE J. ATKINSON  MD  PC,225 WOOD ST,BELLINGHAM,MA,02061-1795,41.735497,-71.1590845,413-336-4757,11236.92,62
51283a3a-bf47-3312-94d1-6183ca82dd23,PCP248432,92 HIGH ST,BEVERLY,MA,01002-2362,42.323853,-71.109329,617-232-0513,2454.04,34
26b7b7c3-a8e4-34d8-ab36-f386d16bf9ba,PCP29548,330 BROOKLINE AVENUE,CHICOPEE,MA,02461-1003,42.396824,-72.74698,617-728-4800,123218.640000002,59
e97ada4e-9e6e-396a-88dd-422cbb4bb229,NORTH SUFFOLK MENTAL HEALTH ASSOCIATION  INC.,KATHLEEN DANIELS NURSING HOME,FALMOUTH,MA,02339-2223,42.556659,-72.572257,781-334-2644,4391.44,55
3fb76bb8-2dd5-3d09-955a-e7909a366062,PCP30596,639 GRANITE ST,NATICK,MA,02048-2227,42.455723,-72.539978,978-664-4112,4262.28,57
c4fe4798-4816-318b-a71d-fb8086f08685,PCP59814,275 SANDWICH STREET,WESTON,MA,02368-4015,42.067804,-72.58103,617-566-0934,13045.16,92
28f41db3-feb2-39c7-a230-06c4ea4ac70a,NORTH SHORE MEDICAL CENTER -,ONE GENERAL STREET,HADLEY,MA,01887-1200,42.612088,-71.321141,508-431-3600,9557.83999999999,47
d7e1f7b8-5261-3ee6-9d13-3e47f57fa6c2,PCP17024,1289 MASS AVE,TURNERS FALLS,MA,02155-4530,42.474862,-71.163912,978-988-6105,13174.32,44
31921623-e4ca-3c39-b467-454bf51d932c,ANDOVER EYE ASSOCIATES  INC,17 BREWSTER ST,WINTHROP,MA,01060,41.738479,-71.020173,508-359-1144,5812.2,50
1eaf97fa-9de6-38de-a9c4-6efe5dc574be,BETH ISRAEL DEACONESS HOSPITAL - PLYMOUTH,265 BEACH ST,HANSON,MA,01730-1404,42.425506,-72.230228,,2324.88,5
1776755d-7040-3d15-b588-d67de0149d76,FALMOUTH HOSPITAL,1183 MOHAWK TRL,NATICK,MA,01376-1816,42.584206,-71.283669,781-431-0060,5553.88,45
7118dc6c-617a-3d28-a294-8e4c2ba87dfd,RENAL MEDICAL CARE P.C.,94 PLEASANT ST,SPENCER,MA,02176-3201,42.338551,-71.547214,617-774-1717,3229,28
4fa341c0-f4cd-3d61-9216-d4e26bf3cf8d,ATHOL MEMORIAL HOSPITAL,15 HIGHLAND AVE,WINCHESTER,MA,01440-1373,42.340233,-71.310812,508-285-2015,3745.64,45
630a681a-a38d-374b-92c2-a6aeb1f4024d,BOSTON CHILDREN'S HOSPITAL,454 BROADWAY,WESTON,MA,02368-4633,41.846878,-71.046214,978-934-94441,15757.52,78
bbf58fb7-10bd-3691-a136-ce8bff01a353,MINUTECLINIC DIAGNOSTIC OF MASSACHUSETTS  LLC,167 DWIGHT ROAD,BUZZARDS BAY,MA,02150-2830,42.323853,-70.4944565,781-826-8228,3487.32,38
96a4bbba-d12a-367e-b635-a7df9440999b,CROSSROADS HEALTH GROUP  P.C.,372 MAIN ST,WESTPORT,MA,01028-3119,42.504256,-71.283669,6175062000,4262.28,54
d6f3619a-e9fc-3e0d-8dd4-84f12248e44c,PCP149317,140 NAUSET STREET,PEPPERELL,MA,2767,42.082543,-71.154438,,2454.04,220
331f4c11-d298-308b-aaa1-d7825b29b57f,PCP116564,50 ROWE ST,LITTLETON,MA,01845-2025,42.376043,-71.082432,978-475-0705,9041.19999999999,24
16a65b37-8333-3ea0-aaf0-bde926a328a5,HARDY PHYSICAL THERAPY REHABILITATION SERVICES INC,25 HIGHLAND AVE,YARMOUTH PORT,MA,01370-9300,42.63898,-72.507291,617-247-1400,2066.56,69
51283a3a-bf47-3312-94d1-6183ca82dd23,COASTAL MEDICAL ASSOCIATES,82 PARK AVE,GREENFIELD,MA,01890-4302,42.269478,-71.81587,508-634-6825,4391.44,71
128846fb-8f17-39ca-9bc6-f65e0d3aa34e,CAREPOINT PC,470 GRANBY RD,Boston,MA,02151-3211,42.425955,-71.046214,508-946-4777,3099.84,8
8c6ecde1-0c9d-3a3f-b14e-227c56ad4579,SAINTS WALK-IN MEDICAL CENTER - URGENT CARE AND OCCUPATIONAL HEALTH,151 EVERETT AVE,SALISBURY,MA,02021-2096,42.7539,-71.081822,617-686-9378,8653.71999999999,95
73927f6f-f4b9-3d45-8b5b-227553460040,NE NEPHROLOGY HOME CARE ASSOCIATES,78 MIDDLE ST,BROCKTON,MA,02465-2185,42.578222,-71.081822,508-636-0703,4003.96,925
65844c75-463f-326c-b0f6-dc3232e48fb1,THE GENERAL HOSPITAL CORPORATION,ONE PEARL ST,SOUTH WEYMOUTH,MA,02446-3202,42.405938,-71.3116365,781-863-1446,11753.56,20
95fc9ceb-0603-32ef-96f5-2879bcf795d4,RIVER BEND MEDICAL GROUP - CHICOPEE OFFICE - URGENT CARE,125 PAKER HILL AVE,HANOVER,MA,02114,42.63898,-71.0256963,617-492-7264,4391.44,34
9cbba625-cd1c-3b19-a562-1b1ddc91674b,PCP60901,33 BARTLETT ST,MARLBOROUGH,MA,01826-1929,42.082543,-71.490569,781-772-1899,3616.48,30
fa31d91f-dde4-37b5-a43f-df7c7c67c960,PCP1085,70 EVERETT AVE,MILLBURY,MA,02494,41.75495,-71.714228,5083341000,2324.88,34
0d6269d7-d51a-3bf5-ba28-ad4090e2a88f,PCP27942,151 EVERETT AVENUE,CAMBRIDGE,MA,02140-1110,42.648697,-70.897502,,1291.6,6
e312e6e9-b4f7-31f3-b2f2-5e63ee3fc40b,PCP15711,1690 MAIN ST,HARWICH,MA,01432,42.144202,-71.142003,781-321-6544,7491.27999999999,37
74ca5d2d-64c4-3c28-aceb-3096a2c7c37a,PCP25231,307 MILL ST,DOVER,MA,02093-1399,42.224096,-71.094162,508-992-5546,6070.52,78
5342f6b7-4ddb-3ca5-a12d-e4f4516a74af,BERKSHIRE FACULTY SERVICES INC,541 HIGH ST,ARLINGTON,MA,02301-2870,42.648044,-71.082432,508-372-3510,7232.95999999999,36
5844ad77-f653-3c2b-b7dd-e97576ab3b03,NORTH SHORE MEDICAL CENTER -,341 BELGRADE AVE,OXFORD,MA,01835-7237,42.812141,-72.6545646,413-794-0000,4003.96,51
d8726819-9f80-3b79-9781-2062e89f29df,PSYCHOLOGY ASSOCIATES INC.,112 MCGRATH HWY,CLINTON,MA,02347-2127,42.241557,-71.081822,617-480-2661,9170.35999999999,51
f7fa67ec-647a-3599-aacc-2b647f6e8a61,EMERSON HOSPITAL -,10 HOSPITAL DR,WINTHROP,MA,01085-2592,42.064731,-71.031348,617-302-3343,5812.2,33
f397dca2-d86e-34dc-bc7b-3139da987be8,PCP197998,117 HIGHLAND AVE,CAMBRIDGE,MA,2150,42.425506,-71.180284,508-943-0382,4391.44,79
ae1ca625-3ad5-3da2-8372-b2b0112203fa,BURLINGTON VISION ASSOCIATES INC,585 LEBANON ST,SALEM,MA,02130-2157,41.57072,-71.064061,,3874.8,14
02a86598-c08d-3b20-ae2a-0af85744b62c,ELITE SPORTS INC,421 BROADWAY,SPRINGFIELD,MA,01040-2223,42.241557,-71.142003,508-360-5195,6458,9
f28ce7cd-867f-3431-99e3-ab62ed072852,COMMUNITY PHYSICIANS ASSOC INC,55 LAKE AVENUE NORTH,LITTLETON,MA,01915-1790,42.609509,-70.492713,978-433-0517,9816.15999999999,18
d3244678-aa8c-3f30-9252-3c7fe4b41a29,PCP72713,575 BEECH STREET,WELLESLEY,MA,01453-2253,42.376043,-71.125385,866-389-2727,5553.88,73
58fa71de-2295-33b8-8932-176a72078898,PCP221165,26 E CHESTNUT ST,WORCESTER,MA,02184-5351,42.390445,-71.90544,4135342500,35519,21
14bf92bb-7bf3-351b-8bd4-c2bc05eb8932,PAGE ENTERPRISES INC,143 W MAIN ST,ARLINGTON,MA,01951-1721,42.534146,-71.807783,5085485300,3616.48,45
adb6cd00-f5e7-3c07-93bb-f88c090c6c04,TERRI PEREIRA,100 HIGHLAND ST,WALTHAM,MA,01890,42.062378,-71.294503,508-429-1330,18599.04,57
2de9783e-fb2f-3642-b529-127b76017354,BOSTON UNIVERSITY ORTHOPAEDIC SURGICAL ASSOCIATES  INC..,525 MILL ST,SALEM,MA,02152-2902,42.261006,-70.867359,978-745-0654,4391.44,37
d9242200-7588-3df0-8ff0-61a45b07c487,RIVER BEND MEDICAL GROUP - CHICOPEE OFFICE - URGENT CARE,KATHLEEN DANIELS NURSING HOME,CAMBRIDGE,MA,01033-9611,42.33196,-71.178588,508-383-1091,11236.92,1170
f7bfd0b2-54d2-381c-bb24-d81493c31a42,PCP50774,955 MAIN ST,FEEDING HILLS,MA,02766-2569,42.219645,-71.109231,774-247-4939,4133.12,47
81b493ee-bf0a-3a84-9dde-5d35e82e6483,MILFORD REGIONAL PHYSICIAN GROUP INC,115 MILL ST,CAMBRIDGE,MA,02347-1468,42.265435,-71.321141,866-389-2727,10849.44,38
16f8208c-09ed-3eb2-9285-cafaae007841,PCP116891,300 CAREW ST,CAMBRIDGE,MA,02144-2758,42.331876,-71.436196,617-638-8383,2066.56,31
1cf35b8c-ec81-3f61-b821-3b9bd05656ab,STEWARD MEDICAL GROUP  INC,56 WINTHROP ST,FALMOUTH,MA,01742,42.499248,-71.101033,9787411215,4520.6,26
967f48f7-7b19-389b-bb6f-5f4bd766beaa,COMMUNITY PHYSICIANS ASSOC INC,84 N MAIN ST,SWAMPSCOTT,MA,02151-1234,42.33196,-70.937913,617-789-2903,13174.32,21
a7108ac5-d3fc-37bc-86c1-32bba22d45ca,STEWARD MEDICAL GROUP  INC,75 HERRICK ST,FITCHBURG,MA,02118-2526,42.206676,-71.161357,617-739-1812,6458,53
4f7381be-2b84-39fe-b161-48cda0d3b06c,OSTERVILLE HEALTH CARE PC,102 BRIDGE RD,WORCESTER,MA,02301,42.2894365,-72.498111,781-878-6962,0,34
7ffe74ac-786d-3c6d-bcb9-323352f6149c,FALMOUTH HOSPITAL CLINIC AT BOURNE,135 WEBSTER ST,WELLESLEY HILLS,MA,01803-1944,42.782945,-72.5094159,508-678-5631,6199.68,32
527fd92b-5372-3dec-9363-626a186a92aa,HALLMARK HEALTH MEDICAL ASSOCIATES INC,736 CAMBRIDGE STREET,AVON,MA,01475-1820,42.648044,-73.119828,413-540-1100,1420.76,57
e986c2c4-30e8-321a-aa17-dc8e34612ff7,BOSTON SPORTS MEDICINE INC,8 ROBERTA DR,TEWKSBURY,MA,02767-5416,42.226949,-71.807783,866-389-2727,8395.39999999999,44
a7c27648-6c97-38c8-9316-08019e0e3153,ODONATA PSYCHOTHERAPY AND RETREAT CENTER LLC,7 HERRING POND RD,LAWRENCE,MA,02155-3850,41.748854,-71.052654,781-275-4111,7232.95999999999,30
6d55b18b-1280-3270-9727-ad163d91cdb3,PCP44465,600 BROADWAY,BROCKTON,MA,2771,42.376043,-71.161357,6177893000,3099.84,42
6e62e63b-c39a-3211-99d8-8b8f0f06774e,GREATER BOSTON UROLOGY LLC,100 ELM ST,WORCESTER,MA,02135-3601,42.122956,-70.706045,978-449-6300,0,22
d264d7d3-1734-3cb1-9734-29c88d09fa03,TOTAL WELLNESS CENTERS  LLC,54 MAPLE AVE B,CAMBRIDGE,MA,01540-1943,42.33196,-72.539978,508-566-9304,9299.51999999999,859
3ad44914-0d76-3fe5-a307-dcfd45d2b957,HARRINGTON MEMORIAL HOSPITAL-1,152 N ST,RAYNHAM,MA,02144-1703,42.534279,-71.178588,617-731-8181,3616.48,5
912d1e11-3999-3cef-b18a-83ec1245bc11,PCP40687,94 PLEASANT ST,LYNN,MA,02780-2488,42.059669,-70.969782,866-389-2727,4778.92,184
eb73f869-4d4b-3dd9-9e12-5f291b1554fe,PCP11647,17 TRINITY PL D,QUINCY,MA,01821-1023,42.388921,-71.052654,413-575-6801,11236.92,45
f1313c7d-3148-335b-adc3-337f15567b82,CHELSEA MGH HEALTH CENTER MEDICAL WALK IN,225 WOOD ST,METHUEN,MA,01583-1268,42.396824,-71.305307,978-346-4450,7620.43999999999,29
2cfd240e-3280-34b6-96cc-daf60ad5d14f,DENTAL SURGEONS OF FALL RIVER PC,323 N MAIN ST,GARDNER,MA,02719-3050,42.439941,-70.901151,617-390-1485,16532.48,18
f9178960-388f-3e29-bea6-55e1c9e4eda3,FALL RIVER MEDICAL EMERGENCY WALK IN CLINIC,168 INDUSTRIAL DR,GLOUCESTER,MA,02169-0908,42.284822,-71.1438654,978-458-6868,137038.760000003,16
9947a8a4-1b3e-3f26-b2d0-41755a71195f,ACHIEVE PHYSICAL THERAPY LLC,5 N MEADOWS RD,GREENFIELD,MA,01527-3253,42.376043,-72.74698,5088287000,0,67
1eaf97fa-9de6-38de-a9c4-6efe5dc574be,PCP41892,6 PARC PL,CHICOPEE,MA,01436-1330,42.33196,-72.498111,978-750-0300,5553.88,54
ecc51621-0af3-3b35-ac3e-8b1e34022e92,PHYSICAL THERAPY ASSOCIATES OF SCHENECTADY  P.C,923 ROUTE 6A,EAST DENNIS,MA,01833-2112,42.474862,-70.710331,,18599.04,37
81b493ee-bf0a-3a84-9dde-5d35e82e6483,PCP17078,1195 WASHINGTON ST,METHUEN,MA,01033-9611,41.930477,-72.507291,413-967-6681,2970.68,44
c1c433e1-9ed4-3730-bd86-d25de4fa96bf,PCP126432,55 FEDERAL ST,NORTON,MA,01040-2955,42.63898,-72.430952,781-294-4577,6845.48,54
02a86598-c08d-3b20-ae2a-0af85744b62c,TRU MEDICAL WALK IN CLINIC,40 E MAIN ST,WEST BOYLSTON,MA,02657-1603,41.646686,-71.087436,978-866-8530,5553.88,212
f15cf8e0-db9a-39b1-b78f-8a6a01cf574b,PCP149823,1 SALEM GRN,BILLERICA,MA,02339-2226,42.601977,-71.082432,781-854-6496,4262.28,47
a9f20dc1-5147-3789-bcef-bbecb41c5983,LAHEY HOSPITAL & MEDICAL CENTER  BURLINGTON,411 MAIN ST,W BARNSTABLE,MA,02460-1857,42.27901,-71.163912,617-568-6500,2712.36,31
62fa9127-485f-3032-87cc-6576d91fec94,LGH MEDICAL GROUP  INC.,14 GROVE ST,MEDFORD,MA,01440-1373,42.178993,-71.201713,978-327-6618,0,74
86f868e9-3325-3019-98d9-34ca2dc11f20,BROCKTON RADIATION ONCOLOGY,4 TANNERY BROOK ROW,ARLINGTON,MA,01844-5817,41.662727,-71.24487,508-885-5238,2712.36,40
7a7f08df-eb80-342f-a56d-28a2b7dcb409,CONNECTICUT VALLEY ORAL SURGERY ASSOCIATES  PC,1054 COUNTY ST,SOMERVILLE,MA,01801-6003,42.175668,-70.818844,617-934-4744,11882.72,13
6bb5049f-7008-3a0a-b8b7-03d0c5bb0686,PHYSICAL THERAPY SOLUTIONS,95 TREMONT ST,EAST LONGMEADOW,MA,01550-4051,41.834412,-70.867359,,3099.84,59
c9216d86-bc94-32af-98e6-3efe8e0bb31b,PCP12382,198 LITTLETON RD,QUINCY,MA,02150-2336,41.931653,-70.978773,617-846-3330,5037.24,36
18473570-fa27-3388-a254-12325e3f4113,MORTON HOSPITAL,176 OLD COUNTY RD,FALL RIVER,MA,02118,42.269478,-71.3697,413-527-5613,5553.88,71
e5d1ce83-1fe3-3b1b-8253-218666635b10,PCP25513,9 DAMONMILL SQ,DANVERS,MA,01840-1246,41.965341,-70.957166,,3229,47
b81e45f5-1cbe-3464-bcea-2ced466c7213,EYE ASSOCIATES PC,199 REEDSDALE RD,WEYMOUTH,MA,02351-2442,42.206676,-71.8139319,,21311.4,72
c78fd2bf-1131-389d-a75a-c5d3f7b1b8ef,PCP198430,75 HERRICK ST,S DARTMOUTH,MA,01057-1353,42.349617,-71.18178,413-567-2350,4391.44,11
51373f2a-2219-3391-8664-4978665c2546,NEWTON-WELLESLEY UROLOGY  PC,60 MUNSON MEETING WAY F,READING,MA,02150-1812,42.700273,-71.281889,508-221-0241,6716.32,42
3265f387-6c51-32ee-8f6d-b2a89caa34d5,PROMPT CARE WALK-IN CLINIC,140 E MAIN ST,GREENFIELD,MA,01104,42.597055,-72.539978,,4908.08,26
59acadbb-923a-36e0-ab30-3cd1bdcb7267,PCP149102,70 E ST,AUBURN,MA,01040-5143,42.376043,-71.177925,978-826-7230,18857.36,87
c4fe4798-4816-318b-a71d-fb8086f08685,FAMILY SERVICES OF THE MERRIMACK VALLEY  INC.,2 MORRISON COURT,NEW BEDFORD,MA,02138-5665,42.375541,-71.109231,,5424.72,57
d7d965c6-deeb-39e1-ab10-a10a7b3d628f,BAY STATE COMMUNITY SERVICES INC,1592 GAR HWY,WILLIAMSTOWN,MA,02657-1603,41.903324,-71.142003,508-636-0613,4778.92,67
7dcb8d17-b58e-3830-b881-e4d123f8568d,PCP10780,9 HOPE AVENUE,WATERTOWN,MA,01301-1239,42.499248,-71.163912,978-257-7890,6199.68,79
227059b2-fe7b-306a-beda-3b7ca2754b06,ANDOVER OBSTETRICS AND GYNECOLOGICAL ASSOCIATES PC,100 HIGHLAND ST,TAUNTON,MA,02563-0537,42.423844,-70.85723,617-846-0832,5553.88,44
f75bde75-e144-3ac3-9c56-9849a3eaad52,DAVIS SQUARE FAMILY PRACTICE,133 FALMOUTH RD,HULL,MA,01545-3869,42.584206,-71.144319,978-921-5000,0,21
27ea3751-40d6-3fcc-88ad-4b7d0c710a7b,PCP82877,415 BOSTON TPKE,CONCORD,MA,01301-2546,41.738479,-71.348811,781-956-1709,4520.6,75
0a4a0972-ffc4-3996-8f95-fef566d962f5,ASSOCIATES IN OTOLARYNGOLOGY HEAD AND NECK SURGERY  PC,545 BEDFORD ST,HAMPDEN,MA,02747-2537,42.369451,-71.087436,508-335-4165,8524.55999999999,13
82ff180d-fef1-36f4-b6b1-5e3460b972bb,HOLYOKE MEDICAL CENTER,105 ERDMAN WAY,DORCHESTER,MA,2536,41.70692,-71.161357,774-535-2947,1162.44,10
73819875-9953-33ae-b064-52981173cb6a,WINCHESTER PHYSICIAN ASSOCIATES INC,1493 CAMBRIDGE ST,HANOVER,MA,02169-2002,42.33196,-71.165065,508-339-7600,645.8,31
1faba772-ae22-385b-a6f5-02ea2479a080,PCP32303,10 ERLIN TER,TAUNTON,MA,02072-4415,42.269478,-71.142003,978-453-8446,108830.210000002,58
4ca1bde9-84f1-320d-86dc-39bf90ecdd19,PCP61318,90 NEW STATE HWY RTE 44,SOUTHBRIDGE,MA,02446-4905,42.269478,-72.5335973,978-263-04395,8007.91999999999,122
e13b3283-5e8a-3431-960f-b4e78e6ec8b4,PCP50774,345 MAIN ST,CAMBRIDGE,MA,02494,41.834412,-71.177925,978-388-2170,6974.63999999999,66
f8a62745-5062-3ec4-b60e-64d6bd9e27a7,JORDAN PHYSICIAN ASSOCIATES INC.,296 FALL RIVER AVE,PROVINCETOWN,MA,01440-1373,42.63898,-71.161357,413-743-9820,3745.64,11
d9242200-7588-3df0-8ff0-61a45b07c487,NEWTON SQUARE CHIRO LLC,420 UNION ST,WEST BRIDGEWATER,MA,01420-1919,42.648044,-71.018253,617-964-9634,7232.95999999999,43
a7108ac5-d3fc-37bc-86c1-32bba22d45ca,PCP343758,95 TREMONT ST,HARWICH PORT,MA,02445-2069,42.261006,-71.101033,781-899-6481,8524.55999999999,72
